<?xml version="1.0" encoding="UTF-8"?>
<eml:eml packageId="knb-lter-ntl.6.34"
  system="https://pasta.edirepository.org"
  xmlns:eml="https://eml.ecoinformatics.org/eml-2.2.0"
  xmlns:stmml="http://www.xml-cml.org/schema/stmml-1.2"
  xmlns:xsi="http://www.w3.org/2001/XMLSchema-instance"
    xsi:schemaLocation="https://eml.ecoinformatics.org/eml-2.2.0 https://eml.ecoinformatics.org/eml-2.2.0/eml.xsd">
  <access
    authSystem="https://pasta.edirepository.org/authentication"
    order="allowFirst" scope="document"
      system="https://pasta.edirepository.org">
    <allow>
      <principal>uid=NTL,o=EDI,dc=edirepository,dc=org</principal>
      <permission>all</permission>
    </allow>
    <allow>
      <principal>public</principal>
      <permission>read</permission>
    </allow>
  </access>
  <dataset>
    <alternateIdentifier
        system="https://doi.org">doi:10.6073/pasta/968299a53784f9649eb67f421cc33340</alternateIdentifier><title>North Temperate Lakes LTER: Fish Lengths and Weights 1981 - current</title>
    <creator>
      <individualName>
        <givenName>John</givenName>
        <givenName>J</givenName>
        <surName>Magnuson</surName>
      </individualName>
      <organizationName>University of Wisconsin-Madison</organizationName>
      <electronicMailAddress>john.magnuson@wisc.edu</electronicMailAddress>
      <userId
        directory="https://orcid.org">0000-0001-5612-8765</userId>
    </creator>
    <creator>
      <individualName>
        <givenName>Stephen</givenName>
        <givenName>R</givenName>
        <surName>Carpenter</surName>
      </individualName>
      <organizationName>University of Wisconsin-Madison</organizationName>
      <electronicMailAddress>steve.carpenter@wisc.edu</electronicMailAddress>
      <userId
        directory="https://orcid.org">0000-0001-8097-8700</userId>
    </creator>
    <creator>
      <individualName>
        <givenName>Emily</givenName>
        <givenName>H</givenName>
        <surName>Stanley</surName>
      </individualName>
      <organizationName>University of Wisconsin-Madison</organizationName>
      <electronicMailAddress>ehstanley@wisc.edu</electronicMailAddress>
      <userId
      directory="https://orcid.org">0000-0003-4922-8121</userId>
    </creator>
    <metadataProvider>
      <individualName>
        <givenName>NTL</givenName>
        <surName>Information Manager</surName>
      </individualName>
      <organizationName>University of Wisconsin-Madison</organizationName>
      <address>
        <deliveryPoint>680 North Park Street</deliveryPoint>
        <city>Madison</city>
        <administrativeArea>WI</administrativeArea>
        <postalCode>53706</postalCode>
        <country>United States</country>
      </address>
      <electronicMailAddress>ntl.infomgr@gmail.com</electronicMailAddress>
    </metadataProvider>
    <pubDate>2022-12-23</pubDate><abstract>      <para>Data are collected annually to enable us to track the fish assemblages of eleven primary lakes (Allequash, Big Muskellunge, Crystal, Sparkling, Trout, bog lakes 27-02 [Crystal Bog] and 12-15 [Trout Bog], Mendota, Monona, Wingra and Fish). Sampling on Lakes Monona, Wingra, and Fish started in 1995; sampling on other lakes started in 1981. Sampling is done at six littoral zone sites per lake with seine, minnow or crayfish traps, and fyke nets; a boat-mounted electrofishing system samples four littoral transects. Vertically hung gill nets are used to obtain two pelagic samples per lake from the deepest point. A trammel net samples across the thermocline at two sites per lake. In the bog lakes only fyke nets and minnow traps are deployed. Parameters measured include species-level identification and lengths for all fish caught, and weight and scale samples from a subset. Dominant species vary from lake to lake. Perch, rockbass, and bluegill are common, with walleye, large and smallmouth bass, northern pike and muskellunge as major piscivores. Cisco have been present in the pelagic waters of four lakes, and an exotic species, rainbow smelt, is present in two. The bog lakes contain mudminnows.</para>
      <para>The only sampling done in 2020 were a single gill-netting replicate in Sparkling, Crystal, and Trout lakes. Sampling in Fish Lake was missed in 2021 due to significant lake level changes. Data from the two bogs is missing in 2022.</para>
      <para>Sampling Frequency: annually Number of sites: 11.</para>
</abstract>
    <keywordSet>
      <keyword>populations</keyword>
      <keyword>biomass</keyword>
      <keyword>fishes</keyword>
      <keywordThesaurus>LTER Controlled Vocabulary</keywordThesaurus>
    </keywordSet>
    <keywordSet>
      <keyword>biological (all)</keyword>
      <keyword>fish</keyword>
      <keyword>length</keyword>
      <keyword>weight</keyword>
      <keyword>NTL Core Datasets</keyword>
    </keywordSet>
    <intellectualRights>This information is released under the Creative Commons license - Attribution - CC BY (https://creativecommons.org/licenses/by/4.0/). The consumer of these data ("Data User" herein) is required to cite it appropriately in any publication that results from its use. The Data User should realize that these data may be actively used by others for ongoing research and that coordination may be necessary to prevent duplicate publication. The Data User is urged to contact the authors of these data if any questions about methodology or results occur. Where appropriate, the Data User is encouraged to consider collaboration or co-authorship with the authors. The Data User should realize that misinterpretation of data may occur if used out of context of the original study. While substantial efforts are made to ensure the accuracy of data and associated documentation, complete accuracy of data sets cannot be guaranteed. All data are made available "as is." The Data User should be aware, however, that data are updated periodically and it is the responsibility of the Data User to check for new versions of the data. The data authors and the repository where these data were obtained shall not be liable for damages resulting from any use or misinterpretation of the data. Thank you.</intellectualRights>
    <distribution
      id="10.6073/pasta/968299a53784f9649eb67f421cc33340" scope="system"
          system="https://pasta.edirepository.org"><online><url
        function="information">https://doi.org/10.6073/pasta/968299a53784f9649eb67f421cc33340</url></online></distribution><coverage>
      <geographicCoverage>
        <geographicDescription>Allequash Lake</geographicDescription>
        <boundingCoordinates>
          <westBoundingCoordinate>-89.6458</westBoundingCoordinate>
          <eastBoundingCoordinate>-89.6124</eastBoundingCoordinate>
          <northBoundingCoordinate>46.0481</northBoundingCoordinate>
          <southBoundingCoordinate>46.0252</southBoundingCoordinate>
        </boundingCoordinates>
      </geographicCoverage>
      <geographicCoverage>
        <geographicDescription>Big Muskellunge Lake</geographicDescription>
        <boundingCoordinates>
          <westBoundingCoordinate>-89.6335</westBoundingCoordinate>
          <eastBoundingCoordinate>-89.5935</eastBoundingCoordinate>
          <northBoundingCoordinate>46.0273</northBoundingCoordinate>
          <southBoundingCoordinate>46.0051</southBoundingCoordinate>
        </boundingCoordinates>
      </geographicCoverage>
      <geographicCoverage>
        <geographicDescription>Crystal Lake</geographicDescription>
        <boundingCoordinates>
          <westBoundingCoordinate>-89.6191</westBoundingCoordinate>
          <eastBoundingCoordinate>-89.6082</eastBoundingCoordinate>
          <northBoundingCoordinate>46.0047</northBoundingCoordinate>
          <southBoundingCoordinate>45.9989</southBoundingCoordinate>
        </boundingCoordinates>
      </geographicCoverage>
      <geographicCoverage>
        <geographicDescription>Sparkling Lake</geographicDescription>
        <boundingCoordinates>
          <westBoundingCoordinate>-89.7045</westBoundingCoordinate>
          <eastBoundingCoordinate>-89.6945</eastBoundingCoordinate>
          <northBoundingCoordinate>46.0158</northBoundingCoordinate>
          <southBoundingCoordinate>46.0024</southBoundingCoordinate>
        </boundingCoordinates>
      </geographicCoverage>
      <geographicCoverage>
        <geographicDescription>Trout Lake</geographicDescription>
        <boundingCoordinates>
          <westBoundingCoordinate>-89.7038</westBoundingCoordinate>
          <eastBoundingCoordinate>-89.6464</eastBoundingCoordinate>
          <northBoundingCoordinate>46.079</northBoundingCoordinate>
          <southBoundingCoordinate>46.0131</southBoundingCoordinate>
        </boundingCoordinates>
      </geographicCoverage>
      <geographicCoverage>
        <geographicDescription>Crystal Bog</geographicDescription>
        <boundingCoordinates>
          <westBoundingCoordinate>-89.6068</westBoundingCoordinate>
          <eastBoundingCoordinate>-89.6057</eastBoundingCoordinate>
          <northBoundingCoordinate>46.008</northBoundingCoordinate>
          <southBoundingCoordinate>46.0071</southBoundingCoordinate>
        </boundingCoordinates>
      </geographicCoverage>
      <geographicCoverage>
        <geographicDescription>Trout Bog</geographicDescription>
        <boundingCoordinates>
          <westBoundingCoordinate>-89.6869</westBoundingCoordinate>
          <eastBoundingCoordinate>-89.6854</eastBoundingCoordinate>
          <northBoundingCoordinate>46.0417</northBoundingCoordinate>
          <southBoundingCoordinate>46.0407</southBoundingCoordinate>
        </boundingCoordinates>
      </geographicCoverage>
      <geographicCoverage>
        <geographicDescription>Fish Lake</geographicDescription>
        <boundingCoordinates>
          <westBoundingCoordinate>-89.6622</westBoundingCoordinate>
          <eastBoundingCoordinate>-89.6439</eastBoundingCoordinate>
          <northBoundingCoordinate>43.2922</northBoundingCoordinate>
          <southBoundingCoordinate>43.2821</southBoundingCoordinate>
        </boundingCoordinates>
      </geographicCoverage>
      <geographicCoverage>
        <geographicDescription>Lake Mendota</geographicDescription>
        <boundingCoordinates>
          <westBoundingCoordinate>-89.4837</westBoundingCoordinate>
          <eastBoundingCoordinate>-89.3673</eastBoundingCoordinate>
          <northBoundingCoordinate>43.146</northBoundingCoordinate>
          <southBoundingCoordinate>43.0766</southBoundingCoordinate>
        </boundingCoordinates>
      </geographicCoverage>
      <geographicCoverage>
        <geographicDescription>Lake Monona</geographicDescription>
        <boundingCoordinates>
          <westBoundingCoordinate>-89.4001</westBoundingCoordinate>
          <eastBoundingCoordinate>-89.3251</eastBoundingCoordinate>
          <northBoundingCoordinate>43.0905</northBoundingCoordinate>
          <southBoundingCoordinate>43.0451</southBoundingCoordinate>
        </boundingCoordinates>
      </geographicCoverage>
      <geographicCoverage>
        <geographicDescription>Lake Wingra</geographicDescription>
        <boundingCoordinates>
          <westBoundingCoordinate>-89.4317</westBoundingCoordinate>
          <eastBoundingCoordinate>-89.4046</eastBoundingCoordinate>
          <northBoundingCoordinate>43.0581</northBoundingCoordinate>
          <southBoundingCoordinate>43.0487</southBoundingCoordinate>
        </boundingCoordinates>
      </geographicCoverage>
      <temporalCoverage>
        <rangeOfDates>
          <beginDate>
            <calendarDate>1981-07-28</calendarDate>
          </beginDate>
          <endDate>
            <calendarDate>2022-12-31</calendarDate>
          </endDate>
        </rangeOfDates>
      </temporalCoverage>
    </coverage>
    <maintenance>
      <description>        <para>ongoing</para>
</description>
    </maintenance>
    <contact>
      <organizationName>NTL LTER</organizationName>
      <address>
        <deliveryPoint>680 North Park Street</deliveryPoint>
        <city>Madison</city>
        <administrativeArea>WI</administrativeArea>
        <postalCode>53706</postalCode>
        <country>United States</country>
      </address>
      <electronicMailAddress>ntl.infomgr@gmail.com</electronicMailAddress>
      <userId
        directory="https://ror.org/">04gq8q482</userId>
    </contact>
    
    <publisher><organizationName>Environmental Data Initiative</organizationName><electronicMailAddress>info@edirepository.org</electronicMailAddress><onlineUrl>https://edirepository.org</onlineUrl><userId
      directory="https://ror.org">0330j0z60</userId></publisher><pubPlace>Environmental Data Initiative</pubPlace>
    <methods>
      <methodStep>
        <description>          <para>The same sampling sites are used each year. All sampling occurs between the 3rd week of July and Labor Day. Sampling sites were chosen by random process in 1981 for the Northern lakes (Trout, Allequash, Sparkling, Crystal, and Big Muskellunge). Sites for Lake Mendota were chosen in 1981, and for the other Madison lakes (Monona, Fish, and Wingra) in 1995. All sites are identified with GPS coordinates, except on the bog lakes (Trout Bog and Crystal Bog) where nets are placed equal distances apart around the entire circumference of the lake in approximately the same locations each year. </para>
          <para>Night seining is conducted on 6 seine sites per lake, each consisting of 100 meters of shoreline. Prior to 1997 this was subdivided into 3 seine hauls, each covering 33 meters. In 1997, seine hauls were reduced to 2 hauls of 33m each. The final section of the site is used as an alternate seine site in the event of difficulty in one of the first two hauls. </para>
          <para>The seine used is 12.2 m long by 1.2 m deep, consisting of two 5.5 x 1.2 m wings surrounding a 1.2 x 1.2 x 1.2 m central bag. The wings are made of 6.4 mm stretch measure knitted delta-strength nylon mesh, and the bag is of 3.2 mm delta strength nylon mesh. The entire net is tarred. The two wings and the opening to the bag have weighted foot ropes and buoyed head ropes. An 8m length of rope is tied between the seine poles as a guide for the maximum spread of the seine. </para>
          <para>A trammel net is set at two sites in each lake, and fished for approximately 24 hours at each site. The net is set on the bottom, along a line perpendicular to the shoreline and crossing the thermocline, with the shallow end at about 3m depth,. The trammel net used is 30.5 m long and 1.1 m deep. It consists of two outer nets of 170 mm square 32 kg test mesh multifilament nylon with an inner panel of 51 mm stretch mesh 9 kg test multifilament nylon. The three nets are connected at the leaded foot line and the buoyed head rope.</para>
          <para>Fyke nets are deployed at six littoral sampling sites in each lake, and fished for approximately 24 hours. In Crystal Bog and Trout Bog lakes the fyke nets are suspended by placing floats on the hoops and frames to prevent the nets from sinking into the sediments. For the northern lakes, each fyke net is approximately 12 m long and consists of two rectangular steel frames 90 cm wide by 75 cm high and 4 steel hoops, all covered by 7 mm delta stretch mesh nylon netting. An 8 m long by 1.25 m deep leader net made of 7 mm delta stretch mesh nylon netting is attached to a center bar of the first rectangular frame (net mouth). The second rectangular frame has two 10 cm wide by 70 cm high openings, one on each side of the frame center bar. The four hoops follow the second frame. Throats 10 cm in diameter are located between the second and third hoops. The net ends in a bag with a 20.4 cm opening at the end, which is tied shut while the net is fishing. New nets of the same dimensions were purchased for the Northern Highland lakes in 2000. Fyke nets for the Madison lakes are 10 m long (including lead) with 1 rectangular aluminum frame followed by 2 aluminum hoops. The aluminum frame is 98 cm wide x 82 cm tall, and is constructed of 2.5 cm tubing, with an additional center vertical bar. The hoops are 60 cm in diameter and constructed of 5 mm diameter aluminum rod. The single net funnel is between the first and second hoops and is 20 cm in diameter. The lead is 8 m long and 1.25m deep, constructed from 7mm delta stretch mesh. </para>
          <para>Crayfish traps are set on all lakes except the bog lakes (Crystal Bog and Trout Bog). Minnow traps are set only on the bog lakes. Prior to 1998, five traps were set at each fyke net site. Beginning 1998, three traps are set per site. Minnow traps and crayfish traps are set in shallow water (approx 1 m), 2 traps on one side, and 1 trap on the other side of the fyke net lead. Minnow traps are baited with 1 slice of bread, and crayfish traps with 120 g of beef liver. Traps are fished for approximately 24 hours. Crayfish are identified to species. Minnows caught in either crayfish or minnow traps are identified to species, and measured for total length. Minnow traps are galvanized steel two piece traps, 44.5 cm long by 30.5 cm maximum diameter with 2.5 cm diameter openings at the ends. The mesh size is 6.4 mm on a side. Crayfish traps are identical, but the opening hole of both sides of the trap has been forced to 5 to 7 cm. Crayfish sampling was terminated for the southern lakes circa 2004 after it was determined that the catch per unit effort was too low (2 crayfish caught in 500+ traps).</para>
          <para>Gill nets are set at the deepest point of all LTER lakes except Crystal Bog, Trout Bog, and Fish Lake. The nets are set for two consecutive 24 hour sets. The gill nets are a set of 7 nets, each in a different mesh size, hung vertically on foam rollers from the surface to the bottom of the lake, and chained together in a line. Each net is 4 m wide and 33 m long. From 1981 through 1990 the nets were multifilament mesh, in stretched mesh sizes of 19, 25, 32, 38, 51, 64, and 89 mm. In 1991, the multifilament nets were replaced with monofilament nets of the same sizes. Stretcher bars are installed at 10 meter intervals from the bottom to keep the net as rectangular as possible when deployed.</para>
          <para>A boom style electrofishing system is used to sample the littoral zone fish community. Prior to 1997, four electrofishing transects were done on each lake. In 1997, the number of transects was reduced to 3. The same transects are used each year. Each transect consists of 30 minutes of current output, with the boat moving parallel to shore in 1-2 meters of water at a slow steady speed. We use the DC pulse system, with 240 volts at 3-5 amps. Transect lengths vary depending upon the size of the lake. If the end of a transect is reached before 30 minutes has elapsed, time is paused while the electrofisher loops back to the start of the transect. The transect is then repeated for the remaining time.</para>
          <para>For all collecting methods, the fish are processed as follows. Each individual fish is identified to species. The total length of the fish is measured in mm, from nose to pinched tail. Prior to 1997, the weight of the first five fish of each species in each 10 mm size category was also measured, using Pesola spring balances. Starting in 1997, two fish are weighed for each species in each 5mm size category. A scale sample is collected from each yellow perch, rock bass, and cisco that is weighed. For gill net catches, the depth at which each individual is caught is also recorded. </para>
          <para>Protocol Log. 1983: Discontinued fyke nets and trammel nets on Lake Mendota until 1995. 1984: Discontinued crayfish on Lake Mendota until 1995. Only gillnet and seines on Lake Mendota.1995: Resumed sampling Lake Mendota with the full suite of sampling gear. 1995: Began sampling Lakes Wingra, Monona, and Fish. 1997: Two fish are weighed for each fish species in each 5mm size category. Previously, five fish were weighed for each fish species in each 10mm size category. 1997: Data recording switched from manual field sheets to an electronic system. 1997: Changed from 4 to 3 electro-fishing runs per lake. 1997: Changed from 18 to 12 seine hauls per lake. 1998: Changed from 30 to 18 crayfish or minnow traps per lake. 2004: Discontinued crayfish or minnow traps on southern lakes. 2020: Fish sampling very limited due to pandemic.  2021: All night seining was discontinued.</para>
</description>
      </methodStep>
    </methods>
    <project>
      <title>LTER: Comparative Studies of a Suite of Lakes in Wisconsin 1980</title>
      <personnel>
        <individualName>
          <givenName>John</givenName>
          <givenName>J</givenName>
          <surName>Magnuson</surName>
        </individualName>
        <organizationName>University of Wisconsin-Madison</organizationName>
        <role>PI</role>
      </personnel>
      <award>
        <funderName>National Science Foundation LTER</funderName>
        <awardNumber>LTER 8012313</awardNumber>
        <title>LTER: Comparative Studies of a Suite of Lakes in Wisconsin</title>
      </award>
      <relatedProject>
        <title>LTER: Comparative Studies of a Suite of Lakes in Wisconsin 1986</title>
        <personnel>
          <individualName>
            <givenName>John</givenName>
            <givenName>J</givenName>
            <surName>Magnuson</surName>
          </individualName>
          <organizationName>University of Wisconsin-Madison</organizationName>
          <role>PI</role>
        </personnel>
        <award>
          <funderName>National Science Foundation</funderName>
          <awardNumber>LTER 8514330</awardNumber>
          <title>LTER: Comparative Studies of a Suite of Lakes in Wisconsin</title>
        </award>
      </relatedProject>
      <relatedProject>
        <title>LTER: Comparative Studies of a Suite of Lakes in Wisconsin 1991</title>
        <personnel>
          <individualName>
            <givenName>John</givenName>
            <givenName>J</givenName>
            <surName>Magnuson</surName>
          </individualName>
          <organizationName>University of Wisconsin-Madison</organizationName>
          <role>PI</role>
        </personnel>
        <award>
          <funderName>National Science Foundation</funderName>
          <awardNumber>LTER 9011660</awardNumber>
          <title>LTER: Comparative Studies of a Suite of Lakes in Wisconsin</title>
        </award>
      </relatedProject>
      <relatedProject>
        <title>LTER: Comparative Studies of a Suite of Lakes in Wisconsin 1996</title>
        <personnel>
          <individualName>
            <givenName>Stephen</givenName>
            <givenName>R</givenName>
            <surName>Carpenter</surName>
          </individualName>
          <organizationName>University of Wisconsin-Madison</organizationName>
          <role>PI</role>
        </personnel>
        <award>
          <funderName>National Science Foundation</funderName>
          <awardNumber>LTER 9632853</awardNumber>
          <title>LTER: Comparative Studies of a Suite of Lakes in Wisconsin</title>
        </award>
      </relatedProject>
      <relatedProject>
        <title>LTER: Comparative Studies of a Suite of Lakes in Wisconsin 2002</title>
        <personnel>
          <individualName>
            <givenName>Stephen</givenName>
            <givenName>R</givenName>
            <surName>Carpenter</surName>
          </individualName>
          <role>PI</role>
        </personnel>
        <award>
          <funderName>National Science Foundation</funderName>
          <awardNumber>LTER 0217533</awardNumber>
          <title>LTER: Comparative Studies of a Suite of Lakes in Wisconsin</title>
        </award>
      </relatedProject>
      <relatedProject>
        <title>LTER: Comparative Studies of a Suite of Lakes in Wisconsin 2008</title>
        <personnel>
          <individualName>
            <givenName>Emily</givenName>
            <givenName>H</givenName>
            <surName>Stanley</surName>
          </individualName>
          <organizationName>University of Wisconsin-Madison</organizationName>
          <role>PI</role>
        </personnel>
        <award>
          <funderName>National Science Foundation</funderName>
          <awardNumber>LTER 0822700</awardNumber>
          <title>LTER: Comparative Studies of a Suite of Lakes in Wisconsin</title>
        </award>
      </relatedProject>
      <relatedProject>
        <title>LTER: Comparative Studies of a Suite of Lakes in Wisconsin 2014</title>
        <personnel>
          <individualName>
            <givenName>Emily</givenName>
            <givenName>H</givenName>
            <surName>Stanley</surName>
          </individualName>
          <organizationName>University of Wisconsin-Madison</organizationName>
          <role>PI</role>
        </personnel>
        <award>
          <funderName>National Science Foundation</funderName>
          <awardNumber>LTER 1440297</awardNumber>
          <title>LTER: Comparative Studies of a Suite of Lakes in Wisconsin</title>
        </award>
      </relatedProject>
      <relatedProject>
        <title>LTER: Comparative Studies of a Suite of Lakes in Wisconsin 2021</title>
        <personnel>
          <individualName>
            <givenName>Emily</givenName>
            <givenName>H</givenName>
            <surName>Stanley</surName>
          </individualName>
          <role>PI</role>
        </personnel>
        <award>
          <funderName>National Science Foundation</funderName>
          <awardNumber>LTER 2025928</awardNumber>
          <title>LTER: Comparative Studies of a Suite of Lakes in Wisconsin</title>
        </award>
      </relatedProject>
    </project>
    <dataTable
      id="7dddb5e70250d2e24537e34272316220" scope="document"
          system="https://pasta.edirepository.org">
      <entityName>North Temperate Lakes LTER: Fish Lengths and Weights</entityName>
      <entityDescription>North Temperate Lakes LTER: Fish Lengths and Weights</entityDescription>
      <physical>
        <objectName>ntl6_v12.csv</objectName>
        <size
          unit="byte">31093190</size>
        <authentication
              method="MD5">cc9c3f9d80ccdfc7fa387af2faa0f953</authentication>
        <dataFormat>
          <textFormat>
            <numHeaderLines>1</numHeaderLines>
            <recordDelimiter>\r\n</recordDelimiter>
            <attributeOrientation>column</attributeOrientation>
            <simpleDelimited>
              <fieldDelimiter>,</fieldDelimiter>
              <quoteCharacter>"</quoteCharacter>
            </simpleDelimited>
          </textFormat>
        </dataFormat>
        <distribution>
          <online>
            <url
            function="download">https://pasta.lternet.edu/package/data/eml/knb-lter-ntl/6/34/7dddb5e70250d2e24537e34272316220</url>
          </online>
        </distribution>
      </physical>
      <attributeList>
        <attribute>
          <attributeName>lakeid</attributeName>
          <attributeDefinition>lake name abbreviation</attributeDefinition>
          <storageType
                  typeSystem="XML Schema Datatypes">string</storageType>
          <measurementScale>
            <nominal>
              <nonNumericDomain>
                <enumeratedDomain
            enforced="yes">
                  <codeDefinition>
                    <code>AL</code>
                    <definition>Allequash Lake</definition>
                  </codeDefinition>
                  <codeDefinition>
                    <code>BM</code>
                    <definition>Big Muskellunge Lake</definition>
                  </codeDefinition>
                  <codeDefinition>
                    <code>CB</code>
                    <definition>Crystal Bog</definition>
                  </codeDefinition>
                  <codeDefinition>
                    <code>CR</code>
                    <definition>Crystal Lake</definition>
                  </codeDefinition>
                  <codeDefinition>
                    <code>FI</code>
                    <definition>Fish Lake</definition>
                  </codeDefinition>
                  <codeDefinition>
                    <code>ME</code>
                    <definition>Lake Mendota</definition>
                  </codeDefinition>
                  <codeDefinition>
                    <code>MO</code>
                    <definition>Lake Monona</definition>
                  </codeDefinition>
                  <codeDefinition>
                    <code>SP</code>
                    <definition>Sparkling Lake</definition>
                  </codeDefinition>
                  <codeDefinition>
                    <code>TB</code>
                    <definition>Trout Bog</definition>
                  </codeDefinition>
                  <codeDefinition>
                    <code>TR</code>
                    <definition>Trout Lake</definition>
                  </codeDefinition>
                  <codeDefinition>
                    <code>WI</code>
                    <definition>Lake Wingra</definition>
                  </codeDefinition>
                </enumeratedDomain>
              </nonNumericDomain>
            </nominal>
          </measurementScale>
        </attribute>
        <attribute>
          <attributeName>year4</attributeName>
          <attributeDefinition>year</attributeDefinition>
          <storageType
            typeSystem="XML Schema Datatypes">float</storageType>
          <measurementScale>
            <ratio>
              <unit>
                <standardUnit>nominalYear</standardUnit>
              </unit>
              <numericDomain>
                <numberType>integer</numberType>
              </numericDomain>
            </ratio>
          </measurementScale>
        </attribute>
        <attribute>
          <attributeName>sampledate</attributeName>
          <attributeDefinition>sample date</attributeDefinition>
          <storageType
                  typeSystem="XML Schema Datatypes">dateTime</storageType>
          <measurementScale>
            <dateTime>
              <formatString>YYYY-MM-DD</formatString>
              <dateTimeDomain/>
            </dateTime>
          </measurementScale>
        </attribute>
        <attribute>
          <attributeName>gearid</attributeName>
          <attributeDefinition>gear type</attributeDefinition>
          <storageType>string</storageType>
          <measurementScale>
            <nominal>
              <nonNumericDomain>
                <enumeratedDomain
                  enforced="yes"
                  xmlns:eml="https://eml.ecoinformatics.org/eml-2.2.0"
                  xmlns:stmml="http://www.xml-cml.org/schema/stmml-1.2"
          xmlns:xsi="http://www.w3.org/2001/XMLSchema-instance">
                  <codeDefinition>
                    <code>BSEINE</code>
                    <definition>Beach Seine</definition>
                  </codeDefinition>
                  <codeDefinition>
                    <code>CRAYTR</code>
                    <definition>Crayfish Trap</definition>
                  </codeDefinition>
                  <codeDefinition>
                    <code>ELFISH</code>
                    <definition>Electrofishing System</definition>
                  </codeDefinition>
                  <codeDefinition>
                    <code>FYKNED</code>
                    <definition>Fyke Net</definition>
                  </codeDefinition>
                  <codeDefinition>
                    <code>FYKNEL</code>
                    <definition>Fyke Net</definition>
                  </codeDefinition>
                  <codeDefinition>
                    <code>FYKNET</code>
                    <definition>Fyke Net</definition>
                  </codeDefinition>
                  <codeDefinition>
                    <code>MINNOW</code>
                    <definition>Minnow Trap</definition>
                  </codeDefinition>
                  <codeDefinition>
                    <code>TRAMML</code>
                    <definition>Trammel Net</definition>
                  </codeDefinition>
                  <codeDefinition>
                    <code>VGN</code>
                    <definition>Gill Net</definition>
                  </codeDefinition>
                  <codeDefinition>
                    <code>VGN019</code>
                    <definition>Gill Net</definition>
                  </codeDefinition>
                  <codeDefinition>
                    <code>VGN025</code>
                    <definition>Gill Net</definition>
                  </codeDefinition>
                  <codeDefinition>
                    <code>VGN032</code>
                    <definition>Gill Net</definition>
                  </codeDefinition>
                  <codeDefinition>
                    <code>VGN038</code>
                    <definition>Gill Net</definition>
                  </codeDefinition>
                  <codeDefinition>
                    <code>VGN051</code>
                    <definition>Gill Net</definition>
                  </codeDefinition>
                  <codeDefinition>
                    <code>VGN064</code>
                    <definition>Gill Net</definition>
                  </codeDefinition>
                  <codeDefinition>
                    <code>VGN089</code>
                    <definition>Gill Net</definition>
                  </codeDefinition>
                  <codeDefinition>
                    <code>VGN127</code>
                    <definition>Gill Net</definition>
                  </codeDefinition>
                </enumeratedDomain>
              </nonNumericDomain>
            </nominal>
          </measurementScale>
        </attribute>
        <attribute
          xmlns:eml="https://eml.ecoinformatics.org/eml-2.2.0"
          xmlns:stmml="http://www.xml-cml.org/schema/stmml-1.2"
            xmlns:xsi="http://www.w3.org/2001/XMLSchema-instance">
          <attributeName>spname</attributeName>
          <attributeDefinition>species common name</attributeDefinition>
          <storageType
            typeSystem="XML Schema Datatypes">string</storageType>
          <measurementScale>
            <nominal>
              <nonNumericDomain>
                <textDomain>
                  <definition>species common name</definition>
                </textDomain>
              </nonNumericDomain>
            </nominal>
          </measurementScale>
        </attribute>
        <attribute>
          <attributeName>sampletype</attributeName>
          <attributeDefinition>sample type</attributeDefinition>
          <storageType
                    typeSystem="XML Schema Datatypes">string</storageType>
          <measurementScale>
            <nominal>
              <nonNumericDomain>
                <textDomain>
                  <definition>sample type</definition>
                </textDomain>
              </nonNumericDomain>
            </nominal>
          </measurementScale>
        </attribute>
        <attribute>
          <attributeName>depth</attributeName>
          <attributeDefinition>depth at which the sample or measurement was taken</attributeDefinition>
          <storageType>float</storageType>
          <measurementScale>
            <ratio>
              <unit>
                <standardUnit>meter</standardUnit>
              </unit>
              <numericDomain>
                <numberType>real</numberType>
                <bounds>
                  <minimum
                    exclusive="false">-2</minimum>
                  <maximum
            exclusive="false">35</maximum>
                </bounds>
              </numericDomain>
            </ratio>
          </measurementScale>
        </attribute>
        <attribute>
          <attributeName>rep</attributeName>
          <attributeDefinition>replicate number</attributeDefinition>
          <storageType
          typeSystem="XML Schema Datatypes">float</storageType>
          <measurementScale>
            <ratio>
              <unit>
                <standardUnit>dimensionless</standardUnit>
              </unit>
              <numericDomain>
                <numberType>integer</numberType>
              </numericDomain>
            </ratio>
          </measurementScale>
        </attribute>
        <attribute
          xmlns:eml="https://eml.ecoinformatics.org/eml-2.2.0"
          xmlns:stmml="http://www.xml-cml.org/schema/stmml-1.2"
            xmlns:xsi="http://www.w3.org/2001/XMLSchema-instance">
          <attributeName>indid</attributeName>
          <attributeDefinition>individual id</attributeDefinition>
          <storageType
                    typeSystem="XML Schema Datatypes">string</storageType>
          <measurementScale>
            <nominal>
              <nonNumericDomain>
                <textDomain>
                  <definition>individual id</definition>
                </textDomain>
              </nonNumericDomain>
            </nominal>
          </measurementScale>
        </attribute>
        <attribute>
          <attributeName>length</attributeName>
          <attributeDefinition>length of individual fish</attributeDefinition>
          <storageType>float</storageType>
          <measurementScale>
            <ratio>
              <unit>
                <standardUnit>millimeter</standardUnit>
              </unit>
              <numericDomain>
                <numberType>whole</numberType>
                <bounds>
                  <minimum
                    exclusive="false">0</minimum>
                  <maximum
            exclusive="false">1250</maximum>
                </bounds>
              </numericDomain>
            </ratio>
          </measurementScale>
        </attribute>
        <attribute>
          <attributeName>weight</attributeName>
          <attributeDefinition>weight of individual fish</attributeDefinition>
          <storageType
          typeSystem="XML Schema Datatypes">float</storageType>
          <measurementScale>
            <ratio>
              <unit>
                <standardUnit>gram</standardUnit>
              </unit>
              <numericDomain>
                <numberType>real</numberType>
              </numericDomain>
            </ratio>
          </measurementScale>
        </attribute>
        <attribute
          xmlns:eml="https://eml.ecoinformatics.org/eml-2.2.0"
          xmlns:stmml="http://www.xml-cml.org/schema/stmml-1.2"
            xmlns:xsi="http://www.w3.org/2001/XMLSchema-instance">
          <attributeName>sex</attributeName>
          <attributeDefinition>sex</attributeDefinition>
          <storageType
                  typeSystem="XML Schema Datatypes">string</storageType>
          <measurementScale>
            <nominal>
              <nonNumericDomain>
                <textDomain>
                  <definition>sex</definition>
                </textDomain>
              </nonNumericDomain>
            </nominal>
          </measurementScale>
        </attribute>
        <attribute>
          <attributeName>fishpart</attributeName>
          <attributeDefinition>fishpart</attributeDefinition>
          <storageType>string</storageType>
          <measurementScale>
            <nominal>
              <nonNumericDomain>
                <enumeratedDomain
                  enforced="no"
                  xmlns:eml="https://eml.ecoinformatics.org/eml-2.2.0"
                  xmlns:stmml="http://www.xml-cml.org/schema/stmml-1.2"
          xmlns:xsi="http://www.w3.org/2001/XMLSchema-instance">
                  <codeDefinition>
                    <code>F</code>
                    <definition>Frozen</definition>
                  </codeDefinition>
                  <codeDefinition>
                    <code>K</code>
                    <definition>Kept</definition>
                  </codeDefinition>
                  <codeDefinition>
                    <code>M</code>
                    <definition>Stomach</definition>
                  </codeDefinition>
                  <codeDefinition>
                    <code>O</code>
                    <definition>Otolith</definition>
                  </codeDefinition>
                  <codeDefinition>
                    <code>S</code>
                    <definition>Scale</definition>
                  </codeDefinition>
                  <codeDefinition>
                    <code>SF</code>
                    <definition>Scale Frozen</definition>
                  </codeDefinition>
                </enumeratedDomain>
              </nonNumericDomain>
            </nominal>
          </measurementScale>
        </attribute>
        <attribute
          xmlns:eml="https://eml.ecoinformatics.org/eml-2.2.0"
          xmlns:stmml="http://www.xml-cml.org/schema/stmml-1.2"
            xmlns:xsi="http://www.w3.org/2001/XMLSchema-instance">
          <attributeName>spseq</attributeName>
          <attributeDefinition>sp sequence</attributeDefinition>
          <storageType
                  typeSystem="XML Schema Datatypes">string</storageType>
          <measurementScale>
            <nominal>
              <nonNumericDomain>
                <textDomain>
                  <definition>sp sequence</definition>
                </textDomain>
              </nonNumericDomain>
            </nominal>
          </measurementScale>
        </attribute>
        <attribute>
          <attributeName>flag</attributeName>
          <attributeDefinition>data flag for fish</attributeDefinition>
          <storageType>string</storageType>
          <measurementScale>
            <nominal>
              <nonNumericDomain>
                <enumeratedDomain
                  enforced="no"
                  xmlns:eml="https://eml.ecoinformatics.org/eml-2.2.0"
                  xmlns:stmml="http://www.xml-cml.org/schema/stmml-1.2"
        xmlns:xsi="http://www.w3.org/2001/XMLSchema-instance">
                  <codeDefinition>
                    <code>A</code>
                    <definition>Excluded from CPUE </definition>
                  </codeDefinition>
                  <codeDefinition>
                    <code>E</code>
                    <definition>Estimated length</definition>
                  </codeDefinition>
                  <codeDefinition>
                    <code>R</code>
                    <definition>Reconstructed from memory</definition>
                  </codeDefinition>
                </enumeratedDomain>
              </nonNumericDomain>
            </nominal>
          </measurementScale>
        </attribute>
      </attributeList>
      <caseSensitive>no</caseSensitive>
      <numberOfRecords>349229</numberOfRecords>
    </dataTable>
  </dataset>
  <additionalMetadata>
    <metadata>
      <emlEditor
        app="ezEML" release="2022.11.30"/>
    </metadata>
  </additionalMetadata>
</eml:eml>
